config,run,stream,window_index,window_start_s,mean_IAT,IAT_variance,mean_frame_size,burst_length,count,phase_offset_mean_us,phase_offset_std_us,gate_util,queue_depth_max,drops,sync_event_interval_mean_us,sync_event_interval_var,gm_rate_ratio_mean,gm_rate_ratio_std,pdelay_mean_us,label
BenignDiverse_gPTP_Working,0,av1,0,0.0,9.020423745869724e-05,1.2396294050131595e-12,500.0,1,110,35.31023403894289,45.20528624991217,0.2500000000000001,3.0,0,,,,,0.5000000000000001,0
BenignDiverse_gPTP_Working,0,av1,1,0.01,9.003407116386363e-05,1.2611379268581965e-12,500.0,1,111,41.25465452767407,43.52305704238068,0.24999999999999986,2.0,0,,,,,,0
BenignDiverse_gPTP_Working,0,av1,2,0.02,9.001913851410002e-05,1.3098037704564866e-12,500.0,1,111,41.549663868500154,44.36784384834093,0.2500000000000003,2.0,0,,,,,,0
BenignDiverse_gPTP_Working,0,av1,3,0.03,8.990119712561259e-05,1.3269007314347478e-12,500.0,1,112,41.33143489150562,43.90404087191857,0.25000000000000017,2.0,0,,,,,,0
BenignDiverse_gPTP_Working,0,av1,4,0.04,8.99659349125e-05,1.4936048831790684e-12,500.0,1,111,40.97725238793529,44.281412524284434,0.25000000000000017,2.0,0,,,,,,0
BenignDiverse_gPTP_Working,0,av1,5,0.05,8.991134222849091e-05,1.1834629384301205e-12,500.0,1,111,41.426712829191025,43.58151906758379,0.25000000000000017,2.0,0,,,1.0,0.0,,0
BenignDiverse_gPTP_Working,0,av1,6,0.06,8.992089527932722e-05,1.2135641350649238e-12,500.0,1,111,43.85022547385864,45.523563944658044,0.25000000000000033,2.0,0,,,,,,0
BenignDiverse_gPTP_Working,0,av1,7,0.07,8.981050300012614e-05,1.2558667459913732e-12,500.0,1,112,41.76341004564645,43.46943946273325,0.25000000000000033,2.0,0,,,1.0,0.0,,0
BenignDiverse_gPTP_Working,0,av1,8,0.08,8.998734330584545e-05,1.529601589395447e-12,500.0,1,111,44.46483718388079,45.31329103651392,0.25000000000000033,2.0,0,,,,,,0
BenignDiverse_gPTP_Working,0,av1,9,0.09,9.004782864118185e-05,1.4061849693200222e-12,500.0,1,111,40.150817779919315,43.03066315333119,0.25000000000000033,2.0,0,,,,,,0
BenignDiverse_gPTP_Working,0,av1,10,0.1,9.005512824073634e-05,1.435971289219828e-12,500.0,1,111,42.956175021134186,45.162870577313164,0.24999999999999895,2.0,0,,,1.0,0.0,,0
BenignDiverse_gPTP_Working,0,av1,11,0.11,8.993358425355463e-05,1.3385404299952053e-12,500.0,1,111,41.38013411409821,46.777020490108626,0.25000000000000033,2.0,0,,,,,,0
BenignDiverse_gPTP_Working,0,av1,12,0.12,8.997881028979084e-05,1.5200160380315849e-12,500.0,1,111,39.18462167972588,43.53811496656139,0.24999999999998612,2.0,0,,,1.0,0.0,,0
BenignDiverse_gPTP_Working,0,av1,13,0.13,9.005523010044551e-05,1.4584897947150284e-12,500.0,1,111,39.81834407467628,45.917736748519374,0.24999999999997224,2.0,0,,,,,,0
BenignDiverse_gPTP_Working,0,av1,14,0.14,8.982230792927033e-05,1.3320483122456466e-12,500.0,1,112,40.04078239463176,44.39583692306465,0.250000000000025,2.0,0,,,,,,0
BenignDiverse_gPTP_Working,0,av2,0,0.0,9.001607840187156e-05,1.1628906794086238e-12,500.0,1,110,48.187409717305265,49.511077986699625,0.2500000000000001,3.0,0,,,,,0.5000000000000001,0
BenignDiverse_gPTP_Working,0,av2,1,0.01,8.998127010151818e-05,1.436571209901423e-12,500.0,1,111,57.753005903920624,49.03251385947357,0.24999999999999986,3.0,0,,,,,,0
BenignDiverse_gPTP_Working,0,av2,2,0.02,9.00554713316e-05,1.4751994575841342e-12,500.0,1,111,58.53045402605242,49.40789293160105,0.2500000000000003,3.0,0,,,,,,0
BenignDiverse_gPTP_Working,0,av2,3,0.03,9.010608144672726e-05,1.429710724310381e-12,500.0,1,111,56.72407858607283,49.11941864426906,0.25000000000000017,3.0,0,,,,,,0
BenignDiverse_gPTP_Working,0,av2,4,0.04,9.005336765069092e-05,1.3002009186829386e-12,500.0,1,111,56.984257742569675,48.25918623396537,0.25000000000000017,3.0,0,,,,,,0
BenignDiverse_gPTP_Working,0,av2,5,0.05,9.00840577970636e-05,1.4809110158659261e-12,500.0,1,111,58.463266407526056,49.19442790703217,0.25000000000000017,3.0,0,,,1.0,0.0,,0
BenignDiverse_gPTP_Working,0,av2,6,0.06,9.003197674280912e-05,1.4128566463326396e-12,500.0,1,111,57.21186507612216,47.5609551045276,0.25000000000000033,3.0,0,,,,,,0
BenignDiverse_gPTP_Working,0,av2,7,0.07,9.015447460175448e-05,1.3126868281284337e-12,500.0,1,111,58.686814768658806,48.79776907013693,0.25000000000000033,3.0,0,,,1.0,0.0,,0
BenignDiverse_gPTP_Working,0,av2,8,0.08,8.998716490362732e-05,1.4599707875672839e-12,500.0,1,111,57.57264726647746,47.54744572175649,0.25000000000000033,3.0,0,,,,,,0
BenignDiverse_gPTP_Working,0,av2,9,0.09,9.004408594739993e-05,1.3955518447605684e-12,500.0,1,111,57.139097790483305,49.289207059161434,0.25000000000000033,3.0,0,,,,,,0
BenignDiverse_gPTP_Working,0,av2,10,0.1,8.998060228294547e-05,1.370108129299418e-12,500.0,1,111,58.175151257981106,49.708594229515015,0.24999999999999895,3.0,0,,,1.0,0.0,,0
BenignDiverse_gPTP_Working,0,av2,11,0.11,9.034681530732733e-05,1.115047998797488e-12,500.0,1,111,56.38778769857103,49.706399911711074,0.25000000000000033,3.0,0,,,,,,0
BenignDiverse_gPTP_Working,0,av2,12,0.12,9.012727438896377e-05,1.2433888686487859e-12,500.0,1,111,56.46049744276775,50.37787953303645,0.24999999999998612,3.0,0,,,1.0,0.0,,0
BenignDiverse_gPTP_Working,0,av2,13,0.13,9.003895704719993e-05,1.2843231958403522e-12,500.0,1,111,55.78034130223328,49.94453652397295,0.24999999999997224,3.0,0,,,,,,0
BenignDiverse_gPTP_Working,0,av2,14,0.14,9.009698251796382e-05,1.4269419114122873e-12,500.0,1,111,56.12479792539161,49.96922732406859,0.250000000000025,3.0,0,,,,,,0
BenignDiverse_gPTP_Working,0,radarNode,0,0.0,0.0004998780761385789,7.405899013767393e-12,64.0,1,20,53.23653157760871,51.33781141980428,0.2500000000000001,13.0,0,,,,,0.5000000000000001,0
BenignDiverse_gPTP_Working,0,radarNode,1,0.01,0.0004991337704924738,9.481555160436057e-12,64.0,1,20,60.2494464167577,50.054245285069236,0.24999999999999986,16.0,0,,,,,,0
BenignDiverse_gPTP_Working,0,radarNode,2,0.02,0.0005001047364388422,3.695484898994112e-12,64.0,1,20,59.770633499526014,50.21369433664579,0.2500000000000003,19.0,0,,,,,,0
BenignDiverse_gPTP_Working,0,radarNode,3,0.03,0.0004991428841652631,6.514525817618032e-12,64.0,1,20,59.95502456679354,50.34871665689432,0.25000000000000017,22.0,0,,,,,,0
BenignDiverse_gPTP_Working,0,radarNode,4,0.04,0.0005011509747414739,1.124021207448707e-11,64.0,1,20,60.25081211594788,50.12089437157882,0.25000000000000017,26.0,0,,,,,,0
BenignDiverse_gPTP_Working,0,radarNode,5,0.05,0.0004981225529581051,5.5971340225744685e-12,64.0,1,20,58.98904579917085,50.38140684260314,0.25000000000000017,29.0,0,,,1.0,0.0,,0
BenignDiverse_gPTP_Working,0,radarNode,6,0.06,0.000500470705885421,7.78540619941819e-12,64.0,1,20,60.33862816248762,50.438446143772445,0.25000000000000033,33.0,0,,,,,,0
BenignDiverse_gPTP_Working,0,radarNode,7,0.07,0.0004992458755122633,8.344836461428304e-12,64.0,1,20,59.27570030184041,50.300933812716444,0.25000000000000033,36.0,0,,,1.0,0.0,,0
BenignDiverse_gPTP_Working,0,radarNode,8,0.08,0.0005003936551479472,1.1205553098107819e-11,64.0,1,20,60.40436094482416,50.43570926699426,0.25000000000000033,39.0,0,,,,,,0
BenignDiverse_gPTP_Working,0,radarNode,9,0.09,0.000501491202861737,9.236215294819364e-12,64.0,1,20,60.01749387576328,49.91270064580956,0.25000000000000033,42.0,0,,,,,,0
BenignDiverse_gPTP_Working,0,radarNode,10,0.1,0.0005000595871321054,6.82781494599682e-12,64.0,1,20,60.30074507717517,49.964830800531146,0.24999999999999895,45.0,0,,,1.0,0.0,,0
BenignDiverse_gPTP_Working,0,radarNode,11,0.11,0.000499624587239368,1.1919259130948946e-11,64.0,1,20,60.40411725086023,50.5035101113578,0.25000000000000033,48.0,0,,,,,,0
BenignDiverse_gPTP_Working,0,radarNode,12,0.12,0.0005000793283670008,9.01793204096919e-12,64.0,1,20,58.99371067922685,50.4296021088221,0.24999999999998612,51.0,0,,,1.0,0.0,,0
BenignDiverse_gPTP_Working,0,radarNode,13,0.13,0.000500508903315474,8.878360882823887e-12,64.0,1,20,59.95575181491604,50.74667495613489,0.24999999999997224,55.0,0,,,,,,0
BenignDiverse_gPTP_Working,0,radarNode,14,0.14,0.0005005670754900003,9.99044743933184e-12,64.0,1,20,60.1930125320913,50.03718013962794,0.250000000000025,58.0,0,,,,,,0
BenignDiverse_gPTP_Working,0,zonalHost,0,0.0,0.0004990741604277499,8.995206806847894e-12,20.0,1,21,58.08446586419419,51.150571750161134,0.2500000000000001,15.0,0,,,,,0.5000000000000001,0
BenignDiverse_gPTP_Working,0,zonalHost,1,0.01,0.0004992120875445789,8.266324038051879e-12,20.0,1,20,63.53747563825351,48.77151826701261,0.24999999999999986,18.0,0,,,,,,0
BenignDiverse_gPTP_Working,0,zonalHost,2,0.02,0.0004996862943292632,1.0078113829731572e-11,20.0,1,20,62.30778851590093,49.06839031892171,0.2500000000000003,22.0,0,,,,,,0
BenignDiverse_gPTP_Working,0,zonalHost,3,0.03,0.0005001113681131579,8.471113595199527e-12,20.0,1,20,66.18546202551802,49.434439000300735,0.25000000000000017,25.0,0,,,,,,0
BenignDiverse_gPTP_Working,0,zonalHost,4,0.04,0.0005000501660182632,7.4196506349143e-12,20.0,1,20,61.500267286033186,48.981671525192525,0.25000000000000017,30.0,0,,,,,,0
BenignDiverse_gPTP_Working,0,zonalHost,5,0.05,0.0005004756965387895,9.495931817761235e-12,20.0,1,20,65.25073692335343,48.83043786269741,0.25000000000000017,33.0,0,,,,,,0
BenignDiverse_gPTP_Working,0,zonalHost,6,0.06,0.000499899892089579,5.4512238478004315e-12,20.0,1,20,65.63280155169406,48.55234792912369,0.25000000000000033,37.0,0,,,,,,0
BenignDiverse_gPTP_Working,0,zonalHost,7,0.07,0.0005007728124832103,9.923329460587405e-12,20.0,1,20,62.709396502868735,48.508195466383576,0.25000000000000033,41.0,0,,,,,,0
BenignDiverse_gPTP_Working,0,zonalHost,8,0.08,0.0004993748204545265,7.426979524887753e-12,20.0,1,20,67.17221828444406,48.542181309950145,0.25000000000000033,44.0,0,,,,,,0
BenignDiverse_gPTP_Working,0,zonalHost,9,0.09,0.0005004075780194213,1.1397332948580168e-11,20.0,1,20,61.64809887668432,48.68321662881204,0.25000000000000033,48.0,0,,,,,,0
BenignDiverse_gPTP_Working,0,zonalHost,10,0.1,0.0005001948720336841,1.0266084784180068e-11,20.0,1,20,64.99919099782166,49.672372235266835,0.24999999999999895,51.0,0,,,,,,0
BenignDiverse_gPTP_Working,0,zonalHost,11,0.11,0.000499119663534737,9.585275006629267e-12,20.0,1,20,62.763861794148504,50.09402222835678,0.25000000000000033,54.0,0,,,,,,0
BenignDiverse_gPTP_Working,0,zonalHost,12,0.12,0.0004994133405427362,1.1094325808163187e-11,20.0,1,20,61.67363279099455,49.04424283619247,0.24999999999998612,58.0,0,,,,,,0
BenignDiverse_gPTP_Working,0,zonalHost,13,0.13,0.0004998656198266315,9.993562755079996e-12,20.0,1,20,65.70232693978664,50.20739218315936,0.24999999999997224,62.0,0,,,,,,0
BenignDiverse_gPTP_Working,0,zonalHost,14,0.14,0.0004993948534253153,7.952211732488266e-12,20.0,1,20,61.07721550726638,49.55433345077878,0.250000000000025,65.0,0,,,0.6533333333333333,0.0,,0
BenignDiverse_gPTP_Working,0,attackNode,0,0.0,,,,0,0,53.20050770019427,51.1934764274243,0.2500000000000001,15.0,0,,,,,0.5000000000000001,0
BenignDiverse_gPTP_Working,0,attackNode,1,0.01,,,,0,0,58.1909469982879,49.103166710335536,0.24999999999999986,18.0,0,,,,,,0
BenignDiverse_gPTP_Working,0,attackNode,2,0.02,,,,0,0,57.16688070497772,49.1835530888027,0.2500000000000003,22.0,0,,,,,,0
BenignDiverse_gPTP_Working,0,attackNode,3,0.03,,,,0,0,60.19436701113402,50.30719220300458,0.25000000000000017,25.0,0,,,,,,0
BenignDiverse_gPTP_Working,0,attackNode,4,0.04,,,,0,0,56.52149032557934,48.978040331253546,0.25000000000000017,30.0,0,,,,,,0
BenignDiverse_gPTP_Working,0,attackNode,5,0.05,,,,0,0,59.61407469460239,49.45478549021628,0.25000000000000017,33.0,0,,,,,,0
BenignDiverse_gPTP_Working,0,attackNode,6,0.06,,,,0,0,60.033307399677156,49.15225830234671,0.25000000000000033,37.0,0,,,,,,0
BenignDiverse_gPTP_Working,0,attackNode,7,0.07,,,,0,0,57.40086387575588,48.84182150768766,0.25000000000000033,41.0,0,,,,,,0
BenignDiverse_gPTP_Working,0,attackNode,8,0.08,,,,0,0,61.37878376022102,49.34383966660546,0.25000000000000033,44.0,0,,,,,,0
BenignDiverse_gPTP_Working,0,attackNode,9,0.09,,,,0,0,56.312512821267454,48.99377310797517,0.25000000000000033,48.0,0,,,,,,0
BenignDiverse_gPTP_Working,0,attackNode,10,0.1,,,,0,0,59.69976259349266,49.90741891222391,0.24999999999999895,51.0,0,,,,,,0
BenignDiverse_gPTP_Working,0,attackNode,11,0.11,,,,0,0,57.536564699947995,50.19220088141223,0.25000000000000033,54.0,0,,,,,,0
BenignDiverse_gPTP_Working,0,attackNode,12,0.12,,,,0,0,56.00892225940004,49.62683993033982,0.24999999999998612,58.0,0,,,,,,0
BenignDiverse_gPTP_Working,0,attackNode,13,0.13,,,,0,0,59.549624245505264,51.14317381104947,0.24999999999997224,62.0,0,,,,,,0
BenignDiverse_gPTP_Working,0,attackNode,14,0.14,,,,0,0,55.862370781860996,49.66521272826106,0.250000000000025,65.0,0,,,0.6533333333333333,0.0,,0
GateBoundaryProximityAttack_gPTP,0,av1,0,0.0,9e-05,1.396471836198659e-37,500.0,1,110,40.4486219081272,46.62973999112827,0.2500000000000001,4.0,0,,,,,0.5000000000000001,10
GateBoundaryProximityAttack_gPTP,0,av1,1,0.01,9e-05,4.781306424180024e-37,500.0,1,112,43.44642857142851,44.706974623796626,0.24999999999999986,3.0,0,,,,,,10
GateBoundaryProximityAttack_gPTP,0,av1,2,0.02,8.999999999999999e-05,6.264492729866738e-37,500.0,1,111,44.17421052631575,45.14395810203693,0.2500000000000003,3.0,0,,,,,,10
GateBoundaryProximityAttack_gPTP,0,av1,3,0.03,8.999999999999999e-05,1.5099033759165984e-36,500.0,1,111,44.03000000000004,45.509726472342365,0.25000000000000017,3.0,0,,,,,,10
GateBoundaryProximityAttack_gPTP,0,av1,4,0.04,8.999999999999999e-05,1.2890398501841174e-36,500.0,1,111,44.056517857142964,45.405995459792926,0.25000000000000017,3.0,0,,,,,,10
GateBoundaryProximityAttack_gPTP,0,av1,5,0.05,9.000000000000006e-05,1.7026569983740367e-36,500.0,1,111,44.559824561403694,45.7578791748152,0.25000000000000017,3.0,0,,,1.0,0.0,,10
GateBoundaryProximityAttack_gPTP,0,av1,6,0.06,8.999999999999999e-05,3.6627203967381106e-35,500.0,1,111,44.120714285713795,44.97425551001734,0.25000000000000033,3.0,0,,,,,,10
GateBoundaryProximityAttack_gPTP,0,av1,7,0.07,9.000000000000006e-05,4.852572445366005e-35,500.0,1,111,44.835701754386534,45.29189735023878,0.25000000000000033,3.0,0,,,1.0,0.0,,10
GateBoundaryProximityAttack_gPTP,0,av1,8,0.08,9.000000000000006e-05,4.852572445366005e-35,500.0,1,111,43.58437499999965,44.74413148946637,0.25000000000000033,3.0,0,,,,,,10
GateBoundaryProximityAttack_gPTP,0,av1,9,0.09,8.999999999999992e-05,4.85739128592744e-35,500.0,1,111,43.76214285714288,45.13184864598031,0.25000000000000033,3.0,0,,,,,,10
GateBoundaryProximityAttack_gPTP,0,av1,10,0.1,8.999999999999999e-05,4.855046985113769e-35,500.0,1,112,44.974235807860445,46.64060351724491,0.24999999999999895,3.0,0,,,1.0,0.0,,10
GateBoundaryProximityAttack_gPTP,0,av1,11,0.11,9.000000000000006e-05,4.852572445366005e-35,500.0,1,111,43.65526785714238,44.930972517938976,0.25000000000000033,3.0,0,,,,,,10
GateBoundaryProximityAttack_gPTP,0,av1,12,0.12,9.000000000000006e-05,9.446533780601613e-35,500.0,1,111,44.2465789473694,44.86465183013711,0.24999999999998612,3.0,0,,,1.0,0.0,,10
GateBoundaryProximityAttack_gPTP,0,av1,13,0.13,8.999999999999992e-05,1.4398695597570627e-34,500.0,1,111,44.30205357142849,45.051538252350774,0.24999999999997224,3.0,0,,,,,,10
GateBoundaryProximityAttack_gPTP,0,av1,14,0.14,8.999999999999992e-05,1.4398695597570627e-34,500.0,1,111,44.303097345132706,44.88372326761459,0.250000000000025,3.0,0,,,,,,10
GateBoundaryProximityAttack_gPTP,0,av2,0,0.0,9e-05,1.362297049014728e-37,500.0,1,110,52.2193733681462,52.41726079189636,0.2500000000000001,4.0,0,,,,,0.5000000000000001,10
GateBoundaryProximityAttack_gPTP,0,av2,1,0.01,9e-05,4.821350374228367e-37,500.0,1,111,59.21467836257309,52.188791673013476,0.24999999999999986,4.0,0,,,,,,10
GateBoundaryProximityAttack_gPTP,0,av2,2,0.02,8.999999999999999e-05,6.264492729866738e-37,500.0,1,111,58.93,51.980785664136086,0.2500000000000003,4.0,0,,,,,,10
GateBoundaryProximityAttack_gPTP,0,av2,3,0.03,9.000000000000002e-05,1.3864205865298024e-36,500.0,1,111,59.44777777777769,52.10070585950791,0.25000000000000017,4.0,0,,,,,,10
GateBoundaryProximityAttack_gPTP,0,av2,4,0.04,8.999999999999999e-05,1.2890398501841174e-36,500.0,1,111,59.58146198830413,52.2622776232765,0.25000000000000017,4.0,0,,,,,,10
GateBoundaryProximityAttack_gPTP,0,av2,5,0.05,8.999999999999999e-05,1.2776439434509919e-36,500.0,1,112,58.69014409221913,52.07229068798114,0.25000000000000017,4.0,0,,,1.0,0.0,,10
GateBoundaryProximityAttack_gPTP,0,av2,6,0.06,9.000000000000006e-05,3.7040821115571023e-35,500.0,1,111,59.243918128654705,52.216762175109174,0.25000000000000033,4.0,0,,,,,,10
GateBoundaryProximityAttack_gPTP,0,av2,7,0.07,9.000000000000006e-05,4.852572445366005e-35,500.0,1,111,59.41127167630106,51.980638548264224,0.25000000000000033,4.0,0,,,1.0,0.0,,10
GateBoundaryProximityAttack_gPTP,0,av2,8,0.08,9.000000000000006e-05,4.852572445366005e-35,500.0,1,111,59.56602339181255,52.273103315005955,0.25000000000000033,4.0,0,,,,,,10
GateBoundaryProximityAttack_gPTP,0,av2,9,0.09,9.000000000000006e-05,4.852572445366005e-35,500.0,1,111,59.39096209912529,52.269198436669676,0.25000000000000033,4.0,0,,,,,,10
GateBoundaryProximityAttack_gPTP,0,av2,10,0.1,9.000000000000006e-05,4.852572445366005e-35,500.0,1,111,59.23867052023159,52.026392827977446,0.24999999999999895,4.0,0,,,1.0,0.0,,10
GateBoundaryProximityAttack_gPTP,0,av2,11,0.11,9.000000000000006e-05,4.852572445366005e-35,500.0,1,111,59.30239766081827,52.141234706302505,0.25000000000000033,4.0,0,,,,,,10
GateBoundaryProximityAttack_gPTP,0,av2,12,0.12,9.000000000000006e-05,9.446533780601613e-35,500.0,1,111,59.06693641618576,51.94625854355667,0.24999999999998612,4.0,0,,,1.0,0.0,,10
GateBoundaryProximityAttack_gPTP,0,av2,13,0.13,9.000000000000018e-05,1.4032463714901495e-34,500.0,1,111,59.581461988304454,52.262277623277576,0.24999999999997224,4.0,0,,,,,,10
GateBoundaryProximityAttack_gPTP,0,av2,14,0.14,8.999999999999999e-05,1.4309612166651108e-34,500.0,1,112,58.886976744185596,52.255691415326666,0.250000000000025,4.0,0,,,,,,10
GateBoundaryProximityAttack_gPTP,0,radarNode,0,0.0,0.0004999999999999999,2.0945796999739823e-37,64.0,1,20,51.98715935334872,50.71839723482452,0.2500000000000001,31.0,0,,,,,0.5000000000000001,10
GateBoundaryProximityAttack_gPTP,0,radarNode,1,0.01,0.0005,9.502943804542282e-37,64.0,1,20,57.17195822454312,50.26962750306269,0.24999999999999986,54.0,0,,,,,,10
GateBoundaryProximityAttack_gPTP,0,radarNode,2,0.02,0.0005000000000000001,1.196666997609028e-36,64.0,1,20,56.87279792746115,50.26211942700106,0.2500000000000003,78.0,0,,,,,,10
GateBoundaryProximityAttack_gPTP,0,radarNode,3,0.03,0.0005000000000000002,3.308432287507313e-36,64.0,1,20,57.407676240208964,50.31836060743141,0.25000000000000017,101.0,0,,,,,,10
GateBoundaryProximityAttack_gPTP,0,radarNode,4,0.04,0.0005000000000000001,2.5341183478779418e-36,64.0,1,20,57.47441253263719,50.31550992864024,0.25000000000000017,124.0,0,,,,,,10
GateBoundaryProximityAttack_gPTP,0,radarNode,5,0.05,0.0005000000000000001,2.5341183478779418e-36,64.0,1,20,57.07158441558448,50.30351404054026,0.25000000000000017,147.0,0,,,,,,10
GateBoundaryProximityAttack_gPTP,0,radarNode,6,0.06,0.0004999999999999997,1.0136473391511767e-35,64.0,1,20,57.368511749347235,50.22088735091501,0.25000000000000033,171.0,0,,,,,,10
GateBoundaryProximityAttack_gPTP,0,radarNode,7,0.07,0.0005000000000000004,0.0,64.0,1,20,57.334114583333765,50.20528198468514,0.25000000000000033,194.0,0,,,,,,10
GateBoundaryProximityAttack_gPTP,0,radarNode,8,0.08,0.0004999999999999997,1.0136473391511767e-35,64.0,1,20,57.39462140992157,50.26864228495779,0.25000000000000033,217.0,0,,,,,,10
GateBoundaryProximityAttack_gPTP,0,radarNode,9,0.09,0.0004999999999999997,1.0136473391511767e-35,64.0,1,20,57.25321148825086,50.312453839850264,0.25000000000000033,240.0,0,,,,,,10
GateBoundaryProximityAttack_gPTP,0,radarNode,10,0.1,0.0005000000000000004,0.0,64.0,1,20,57.05859740259769,50.324006563162655,0.24999999999999895,263.0,0,,,,,,10
GateBoundaryProximityAttack_gPTP,0,radarNode,11,0.11,0.0004999999999999997,1.0136473391511767e-35,64.0,1,20,57.38156657963428,50.19959076250172,0.25000000000000033,287.0,0,,,,,,10
GateBoundaryProximityAttack_gPTP,0,radarNode,12,0.12,0.0004999999999999997,1.0136473391511767e-35,64.0,1,20,57.36161458333486,50.08944618176835,0.24999999999998612,310.0,0,,,,,,10
GateBoundaryProximityAttack_gPTP,0,radarNode,13,0.13,0.0005000000000000004,0.0,64.0,1,20,57.56579634464794,50.21090854580413,0.24999999999997224,333.0,0,,,,,,10
GateBoundaryProximityAttack_gPTP,0,radarNode,14,0.14,0.0005000000000000004,0.0,64.0,1,20,57.12280519480436,50.19023187278211,0.250000000000025,356.0,0,,,,,,10
GateBoundaryProximityAttack_gPTP,0,zonalHost,0,0.0,0.0005,1.979779959279642e-37,20.0,1,20,56.81792270531404,50.68689552297242,0.2500000000000001,50.0,0,,,,,0.5000000000000001,10
GateBoundaryProximityAttack_gPTP,0,zonalHost,1,0.01,0.0005,9.502943804542282e-37,20.0,1,20,63.0476584022039,49.30854430204612,0.24999999999999986,93.0,0,,,,,,10
GateBoundaryProximityAttack_gPTP,0,zonalHost,2,0.02,0.0004999999999999999,1.689412231918628e-36,20.0,1,20,62.42664850136255,49.26640735208485,0.2500000000000003,137.0,0,,,,,,10
GateBoundaryProximityAttack_gPTP,0,zonalHost,3,0.03,0.0005000000000000001,2.5341183478779418e-36,20.0,1,20,63.51487603305799,49.42437727174757,0.25000000000000017,180.0,0,,,,,,10
GateBoundaryProximityAttack_gPTP,0,zonalHost,4,0.04,0.0005000000000000001,2.5341183478779418e-36,20.0,1,20,63.29702479338866,49.59073385161123,0.25000000000000017,223.0,0,,,,,,10
GateBoundaryProximityAttack_gPTP,0,zonalHost,5,0.05,0.0004999999999999998,4.5614130261802956e-36,20.0,1,21,62.16369565217419,49.62984088973971,0.25000000000000017,266.0,0,,,1.0,0.0,,10
GateBoundaryProximityAttack_gPTP,0,zonalHost,6,0.06,0.0005000000000000004,0.0,20.0,1,20,63.447217630854055,49.13562445777781,0.25000000000000033,310.0,0,,,,,,10
GateBoundaryProximityAttack_gPTP,0,zonalHost,7,0.07,0.0004999999999999997,1.0136473391511767e-35,20.0,1,20,62.7634332425072,49.20870734830346,0.25000000000000033,353.0,0,,,1.0,0.0,,10
GateBoundaryProximityAttack_gPTP,0,zonalHost,8,0.08,0.0004999999999999997,1.0136473391511767e-35,20.0,1,20,63.21283746556513,49.227632736090776,0.25000000000000033,396.0,0,,,,,,10
GateBoundaryProximityAttack_gPTP,0,zonalHost,9,0.09,0.0005000000000000004,0.0,20.0,1,20,63.03730027548246,49.608385278386905,0.25000000000000033,439.0,0,,,,,,10
GateBoundaryProximityAttack_gPTP,0,zonalHost,10,0.1,0.0004999999999999997,1.0136473391511767e-35,20.0,1,20,62.486413043478855,49.53431008833119,0.24999999999999895,482.0,0,,,1.0,0.0,,10
GateBoundaryProximityAttack_gPTP,0,zonalHost,11,0.11,0.0004999999999999997,1.0136473391511767e-35,20.0,1,20,63.321487603306025,49.29437959503425,0.25000000000000033,526.0,0,,,,,,10
GateBoundaryProximityAttack_gPTP,0,zonalHost,12,0.12,0.0005000000000000004,0.0,20.0,1,20,62.46621253406126,49.226269194255394,0.24999999999998612,569.0,0,,,1.0,0.0,,10
GateBoundaryProximityAttack_gPTP,0,zonalHost,13,0.13,0.0005000000000000004,0.0,20.0,1,20,63.80413223140559,49.229318169236535,0.24999999999997224,612.0,0,,,,,,10
GateBoundaryProximityAttack_gPTP,0,zonalHost,14,0.14,0.000499999999999999,3.851859888774472e-35,20.0,1,21,63.154739726027756,49.67747961646731,0.250000000000025,655.0,0,,,,,,10
GateBoundaryProximityAttack_gPTP,0,attackNode,0,0.0,0.0005,2.9304867938920538e-37,529.0,1,20,53.95588495575219,51.399469294757736,0.2500000000000001,15.0,0,,,,,0.5000000000000001,10
GateBoundaryProximityAttack_gPTP,0,attackNode,1,0.01,0.0005,9.502943804542282e-37,529.0,1,20,56.633796526054596,49.39768294995393,0.24999999999999986,18.0,0,,,,,,10
GateBoundaryProximityAttack_gPTP,0,attackNode,2,0.02,0.0005000000000000001,1.196666997609028e-36,529.0,1,20,57.03052109181139,49.58229218164978,0.2500000000000003,22.0,0,,,,,,10
GateBoundaryProximityAttack_gPTP,0,attackNode,3,0.03,0.0005000000000000002,3.308432287507313e-36,529.0,1,20,59.31697270471468,50.53461078637198,0.25000000000000017,25.0,0,,,,,,10
GateBoundaryProximityAttack_gPTP,0,attackNode,4,0.04,0.0005000000000000001,2.5341183478779418e-36,529.0,1,20,55.54004950495064,49.87060956375566,0.25000000000000017,30.0,0,,,,,,10
GateBoundaryProximityAttack_gPTP,0,attackNode,5,0.05,0.0005000000000000001,2.5341183478779418e-36,529.0,1,20,59.072,50.71248003096557,0.25000000000000017,33.0,0,,,,,,10
GateBoundaryProximityAttack_gPTP,0,attackNode,6,0.06,0.0005000000000000001,2.5341183478779418e-36,529.0,1,20,57.240248138957526,49.54936461017038,0.25000000000000033,36.0,0,,,,,,10
GateBoundaryProximityAttack_gPTP,0,attackNode,7,0.07,0.0004999999999999997,1.0136473391511767e-35,529.0,1,20,56.74084158415854,49.48606762130066,0.25000000000000033,40.0,0,,,,,,10
GateBoundaryProximityAttack_gPTP,0,attackNode,8,0.08,0.0005000000000000004,0.0,529.0,1,20,59.41553349875924,50.450590536418915,0.25000000000000033,43.0,0,,,,,,10
GateBoundaryProximityAttack_gPTP,0,attackNode,9,0.09,0.0004999999999999997,1.0136473391511767e-35,529.0,1,20,55.690669975186,49.767367560763475,0.25000000000000033,46.0,0,,,,,,10
GateBoundaryProximityAttack_gPTP,0,attackNode,10,0.1,0.0004999999999999997,1.0136473391511767e-35,529.0,1,20,58.350935960591215,50.48189420064107,0.24999999999999895,51.0,0,,,,,,10
GateBoundaryProximityAttack_gPTP,0,attackNode,11,0.11,0.0005000000000000004,0.0,529.0,1,20,57.858511166252825,49.905482861790155,0.25000000000000033,54.0,0,,,,,,10
GateBoundaryProximityAttack_gPTP,0,attackNode,12,0.12,0.0004999999999999997,1.0136473391511767e-35,529.0,1,20,56.2692839506179,49.51566487537321,0.24999999999998612,58.0,0,,,,,,10
GateBoundaryProximityAttack_gPTP,0,attackNode,13,0.13,0.0005000000000000004,0.0,529.0,1,20,59.614838709677905,50.43471154392291,0.24999999999997224,61.0,0,,,,,,10
GateBoundaryProximityAttack_gPTP,0,attackNode,14,0.14,0.000499999999999999,4.054589356604707e-35,529.0,1,20,55.892839506172436,49.52737565921929,0.250000000000025,64.0,0,,,,,,10
